<?xml version="1.0" encoding="UTF-8"?>
<widgetstyle>
    <title xml:lang="ko">심플 스트롱</title>
    <title xml:lang="zh-CN">简易细线控件样式</title>
    <title xml:lang="en">Simple line</title>
    <title xml:lang="vi">Dòng đơn giản</title>
    <title xml:lang="zh-TW">簡單樣式</title>
    <title xml:lang="jp">シンプルストロング</title>
    <title xml:lang="tr">Basit Sıra</title>
    <description xml:lang="ko">선 하나만으로 꾸며진 위젯스타일 입니다.</description>
    <description xml:lang="zh-CN">简易细线控件样式。</description>
    <description xml:lang="en">A widget style decorated with one simple line.</description>
    <description xml:lang="vi">Widget được trang trí với một dòng đơn giản.</description>
    <description xml:lang="zh-TW">簡單的 Widget 線條樣式。</description>
    <description xml:lang="jp">線一つだけのウィジェットスタイルです。</description>
    <description xml:lang="tr">Tek bir basit sırayla düzenlenmiş görsel bileşen şekli.</description>
    <version>0.1</version>
    <date>2009-02-03</date>
    <preview>preview.gif</preview>

    <author email_address="dev@karybu.org" link="http://www.karybu.org/">
        <name xml:lang="ko">Arnia</name>
        <name xml:lang="en">Arnia</name>
		<name xml:lang="vi">Arnia</name>
        <name xml:lang="zh-CN">Arnia</name>
        <name xml:lang="zh-TW">Arnia</name>
        <name xml:lang="jp">Arnia</name>
        <name xml:lang="tr">Arnia</name>
    </author>

    <extra_vars>
        <var name="ws_colorset" type="select">
            <title xml:lang="ko">컬러셋</title>
            <title xml:lang="en">Colorset</title>
	    <title xml:lang="vi">Tạo màu</title>
            <title xml:lang="zh-CN">颜色</title>
            <title xml:lang="zh-TW">顏色</title>
            <title xml:lang="jp">カラーセット</title>
            <title xml:lang="tr">Renk ayarı</title>
            <description xml:lang="ko">컬러셋을 지정해주세요</description>
            <description xml:lang="en">Choose colorset</description>
	    <description xml:lang="vi">Lựa chọn màu sắc</description>
            <description xml:lang="zh-CN">请指定适当的颜色。</description>
            <description xml:lang="zh-TW">請選擇顏色。</description>
            <description xml:lang="jp">カラーセットを指定して下さい。</description>
            <description xml:lang="tr">Renk ayarını seç.</description>
            <options>
                <name xml:lang="ko">하얀색</name>
                <name xml:lang="en">White</name>
		<name xml:lang="vi">White</name>
                <name xml:lang="zh-CN">白色</name>
                <name xml:lang="zh-TW">白色</name>
                <name xml:lang="jp">白</name>
                <name xml:lang="tr">Beyaz</name>
                <value>white</value>
            </options>
            <options>
                <name xml:lang="ko">검은색</name>
                <name xml:lang="en">Black</name>
		<name xml:lang="vi">Black</name>
                <name xml:lang="zh-CN">黑色</name>
                <name xml:lang="zh-TW">黑色</name>
                <name xml:lang="jp">黒</name>
                <name xml:lang="tr">Siyah</name>
                <value>black</value>
            </options>
        </var>
        <var name="ws_title" type="text">
            <name xml:lang="ko">제목</name>
            <name xml:lang="en">Title</name>
	    <name xml:lang="vi">Tiêu đề</name>
            <name xml:lang="zh-CN">栏目名</name>
            <name xml:lang="zh-TW">標題</name>
            <name xml:lang="jp">タイトル</name>
            <name xml:lang="tr">Başlık</name>
            <description xml:lang="ko">제목 텍스트</description>
            <description xml:lang="en">Title text</description>
	    <description xml:lang="vi">Chữ của tiêu đề</description>
            <description xml:lang="zh-CN">请输入栏目名。</description>
            <description xml:lang="zh-TW">請輸入標題。</description>
            <description xml:lang="jp">「タイトル」のテキスト</description>
            <description xml:lang="tr">Başlık Metni</description>
        </var>
        <var name="ws_more_url" type="text">
            <name xml:lang="ko">더보기 URL</name>
            <name xml:lang="en">more URL</name>
	    <name xml:lang="vi">URL của Xem thêm</name>
            <name xml:lang="zh-CN">查看更多(链接)</name>
            <name xml:lang="zh-TW">more URL</name>
            <name xml:lang="jp">「もっと見る」URL</name>
            <name xml:lang="tr">Daha fazla URL</name>
            <description xml:lang="ko">http:// 포함한 URL를 등록합니다.</description>
	    <description xml:lang="zh-CN">请输入包含http://的URL地址。</description>
	    <description xml:lang="zh-TW">請輸入http://以外的URL網址。</description>
            <description xml:lang="en">Destination of a 'more' link. Register a URL including http://</description>
	    <description xml:lang="vi">Địa chỉ trang sẽ chuyển đến khi bấm vào Xem thêm (Bao gồm cả http://)</description>
            <description xml:lang="jp">「http://」を含んだURLを登録します。</description>
            <description xml:lang="tr">Bağlantı hedefi 'daha fazlası'.  http:// içeren bir URL girişi yapınız.</description>
        </var>
        <var name="ws_more_text" type="text">
            <name xml:lang="ko">더보기 텍스트</name>
            <name xml:lang="en">more Text</name>
	    	<name xml:lang="vi">Chữ của Xem thêm</name>
            <name xml:lang="zh-CN">查看更多(文本)</name>
            <name xml:lang="zh-TW">more TEXT</name>
            <name xml:lang="jp">「もっと見る」テキスト</name>
            <name xml:lang="tr">Daha fazla metin</name>
            <description xml:lang="ko">더보기 텍스트</description>
            <description xml:lang="en">Text for a 'more' link</description>
            <description xml:lang="zh-CN">文本格式的"查看更多"。</description>
		    <description xml:lang="vi">Có thể dùng những từ khác thay cho từ Xem thêm</description>
            <description xml:lang="zh-TW">純文字格式。</description>
            <description xml:lang="jp">「もっと見る」テキスト</description>
            <description xml:lang="tr">Bağlantı için metin 'daha fazlası'</description>
       </var>
    </extra_vars>
</widgetstyle>
